opponent,team_shooting,shooter,f1,f2,f3,d1,d2,x_coord,y_coord,shot_type,is_goal
Pee Dee IceCats,Binghamton Black Bears,Dan Wieber,Gavin Yates,Tyson Kirkby,C J Stubbs,Dan Wieber,Daniel Stone,74.77866114686019,10,Backhand,0
Pee Dee IceCats,Opponent,Opponent,Jansen Mac,Ivan Bondarenko,Scott Ramaekers,Jesse Anderson,Lathlin Cheechoo,80,-35,Wrist,0
Pee Dee IceCats,Binghamton Black Bears,Nicholas Swain,Nicholas Swain,Kyle Stephan,Gehrett Sargis,Lathlin Cheechoo,Camron Cervone,20,-39,Wrist,0
Pee Dee IceCats,Binghamton Black Bears,Gehrett Sargis,Nicholas Swain,Kyle Stephan,Gehrett Sargis,Lathlin Cheechoo,Camron Cervone,50,37,Wrist,0
Pee Dee IceCats,Opponent,Opponent,Jansen Mac,Ivan Bondarenko,Scott Ramaekers,Jesse Anderson,Lathlin Cheechoo,40,-30,Wrist,0
Pee Dee IceCats,Binghamton Black Bears,Nicholas Swain,Nicholas Swain,Gehrett Sargis,C J Stubbs,Camron Cervone,Daniel Stone,72,-40,Wrist,0
Pee Dee IceCats,Binghamton Black Bears,Daniel Stone,Tyson Kirkby,Ivan Bondarenko, ,Dan Wieber,Daniel Stone,36,-15,Slapshot,0
Pee Dee IceCats,Opponent,Opponent,Gavin Yates,C J Stubbs,Tyson Kirkby,Jesse Anderson,Scott Ramaekers,66,37,Wrist,0
Pee Dee IceCats,Opponent,Opponent,C J Stubbs,Gavin Yates,Tyson Kirkby,Scott Ramaekers,Jesse Anderson,50,30,Wrist,0
Pee Dee IceCats,Binghamton Black Bears,Daniel Stone,Tyson Kirkby,,,Daniel Stone,Dan Wieber,-65,37,Wrist,0
Pee Dee IceCats,Binghamton Black Bears,Jansen Mac,Jansen Mac,Ivan Bondarenko,Zac Sirota,Jesse Anderson,Scott Ramaekers,85,25,Wrist,0
Pee Dee IceCats,Opponent,Opponent,Nicholas Swain,Kyle Stephan,Gehrett Sargis,Dan Wieber,Daniel Stone,80,0,Backhand,0
Pee Dee IceCats,Binghamton Black Bears,Jesse Anderson,Gehrett Sargis,Nicholas Swain,Kyle Stephan,Jesse Anderson,Scott Ramaekers,40,-25,Wrist,0
Pee Dee IceCats,Opponent,Opponent,Tyson Kirkby,Gavin Yates,C J Stubbs,Lathlin Cheechoo,Camron Cervone,65,40,Backhand,0
Pee Dee IceCats,Opponent,Opponent,Ivan Bondarenko,Jansen Mac,Zac Sirota,Dan Wieber,Daniel Stone,45,40,Wrist,0
Pee Dee IceCats,Binghamton Black Bears,Gavin Yates,Gavin Yates,C J Stubbs,Tyson Kirkby,,,87,20,Wrist,0
Pee Dee IceCats,Binghamton Black Bears,Daniel Stone,Jansen Mac,Gavin Yates,Tyson Kirkby,Daniel Stone,,40,0,Slapshot,0
Pee Dee IceCats,Binghamton Black Bears,Jansen Mac,Jansen Mac,Gavin Yates,Tyson Kirkby,Daniel Stone,,35,-40,Wrist,0
Pee Dee IceCats,Binghamton Black Bears,Daniel Stone,Tyson Kirkby,Jansen Mac,Ivan Bondarenko,C J Stubbs,Daniel Stone,40,20,Wrist,0
Pee Dee IceCats,Opponent,Opponent,Tyson Kirkby,Jansen Mac,Ivan Bondarenko,C J Stubbs,Daniel Stone,13,10,Wrist,0
Pee Dee IceCats,Opponent,Opponent,Tyson Kirkby,Jansen Mac,Ivan Bondarenko,C J Stubbs,Daniel Stone,82,-2,Wrist,1





